Column1;street;district
0; 1801 года;р-н Верх-Исетский
1;площадь 1905 года;р-н Верх-Исетский
2;1-й Подъемный переулок;р-н Железнодорожный
3; 22 Партсъезда;р-н Орджоникидзевский
4;2-й Подъемный переулок;р-н Железнодорожный
5;2-й Системный переулок;р-н Чкаловский
6; 2-й участок;р-н Верх-Исетский
7;2-я Новосибирская ;р-н Чкаловский
8; 3 Интернационала;р-н Железнодорожный
9; 3 Пятилетки;р-н Кировский
10; 40-летия Комсомола;р-н Кировский
11; 40-летия Октября;р-н Орджоникидзевский
12; 8 Марта;None
13;Авангардная ;р-н Орджоникидзевский
14; Авиаторов;р-н Октябрьский
15;Авиационная ;None
16;Автогенный переулок;р-н Железнодорожный
17;Автомагистральная ;р-н Железнодорожный
18;переулок Автоматики;р-н Кировский
19; Автоматчиков;р-н Железнодорожный
20;Автомобильный переулок;р-н Чкаловский
21; Автономных Республик;р-н Ленинский
22;Агатовая ;р-н Чкаловский
23;Аграрная ;р-н Октябрьский
24;Агрономическая ;р-н Чкаловский
25; Адмирала Ушакова;р-н Чкаловский
26; Азина;р-н Железнодорожный
27;Азотная ;р-н Чкаловский
28; Айвазовского;р-н Ленинский
29; Академика Бардина;р-н Чкаловский
30; Академика Вонсовского;р-н Академический
31; Академика Губкина;р-н Чкаловский
32; Академика Карпинского;р-н Чкаловский
33; Академика Павлова;р-н Чкаловский
34; Академика Постовского;р-н Ленинский
35; Академика Сахарова;р-н Академический
36;проспект Академика Сахарова;р-н Академический
37;бульвар Академика Семихатова Н. А.;р-н Академический
38; Академика Ферсмана;р-н Академический
39; Академика Шварца;р-н Чкаловский
40;Академическая ;р-н Кировский
41;Аквамариновая ;р-н Чкаловский
42; Аксакова;р-н Чкаловский
43; Акулова;р-н Железнодорожный
44;Алданская ;р-н Кировский
45;Александровская ;р-н Кировский
46; Алексеева;р-н Кировский
47;Алма-Атинский переулок;р-н Октябрьский
48;Алмазная ;р-н Чкаловский
49;Алтайская ;р-н Чкаловский
50;Альпийская ;р-н Верх-Исетский
51; Альпинистов;р-н Чкаловский
52;Амбулаторная ;р-н Чкаловский
53; Амундсена;р-н Ленинский
54;Амурская ;р-н Ленинский
55; Анатолия Мехренцева;р-н Академический
56; Анатолия Муранова;р-н Академический
57;Ангарская ;р-н Железнодорожный
58; Анны Бычковой;р-н Октябрьский
59; Анри Барбюса;р-н Верх-Исетский
60; Антона Валека;р-н Верх-Исетский
61;Аппаратная ;р-н Орджоникидзевский
62;Апрельская ;р-н Октябрьский
63;Аптекарская ;р-н Чкаловский
64;Арамильский переулок;р-н Ленинский
65;Арамильский тракт;р-н Октябрьский
66;Армавирская ;р-н Железнодорожный
67;Артельный переулок;р-н Октябрьский
68; Артема;р-н Октябрьский
69; Артиллеристов;р-н Кировский
70;Артинская ;р-н Железнодорожный
71;бульвар Архитектора Малахова;р-н Чкаловский
72;Асбестовский переулок;р-н Кировский
73;Астраханская ;р-н Кировский
74;Атмосферная ;р-н Октябрьский
75;Аффинажный переулок;р-н Чкаловский
76;Ачинская ;р-н Железнодорожный
77;Ашхабадский переулок;р-н Чкаловский
78;Аятский переулок;р-н Чкаловский
79; Бабушкина;р-н Орджоникидзевский
80;Багарякский переулок;р-н Чкаловский
81;переулок Багратиона;р-н Чкаловский
82; Бажова;None
83;Базальтовая ;р-н Чкаловский
84;Базовый переулок;р-н Октябрьский
85; Байдукова;р-н Железнодорожный
86;Байкальская ;р-н Октябрьский
87; Бакинских Комиссаров;р-н Орджоникидзевский
88;переулок Балакирева;р-н Чкаловский
89;Балаклавский переулок;р-н Орджоникидзевский
90;Балаклавский тупик;р-н Орджоникидзевский
91;Балтымский переулок;р-н Ленинский
92;Банковский переулок;р-н Ленинский
93; Банникова;р-н Орджоникидзевский
94;Банный переулок;р-н Ленинский
95;переулок Баранова;р-н Верх-Исетский
96;Баранчинская ;р-н Железнодорожный
97; Барвинка;р-н Ленинский
98;Баррикадная ;р-н Железнодорожный
99;Бархотская ;р-н Кировский
100;Барьерная ;р-н Кировский
101;Батумский переулок;р-н Чкаловский
102; Баумана;р-н Орджоникидзевский
103; Бахчиванджи;р-н Октябрьский
104;площадь Бахчиванджи;р-н Октябрьский
105;Башкирский переулок;р-н Чкаловский
106; Бебеля;None
107; Белинского;None
108;Белогорская ;р-н Чкаловский
109;Белорецкий переулок;р-н Чкаловский
110;Белореченская ;р-н Верх-Исетский
111;Белоярская ;р-н Октябрьский
112; Белякова;р-н Железнодорожный
113; Береговая;р-н Железнодорожный
114;Береговая ;р-н Железнодорожный
115;Бережная ;р-н Кировский
116;Березовая ;р-н Орджоникидзевский
117; Березовый Ключ;р-н Верх-Исетский
118;Бессарабская ;р-н Октябрьский
119;Бесшумный переулок;р-н Ленинский
120; Бетонщиков;р-н Кировский
121; Бехтерева;р-н Кировский
122;Библиотечная ;р-н Кировский
123;Билимбаевская ;р-н Железнодорожный
124;Бирюзовая ;р-н Октябрьский
125;Бисертская ;р-н Чкаловский
126;Благодатская ;р-н Чкаловский
127; Блюхера;р-н Кировский
128;Бобруйская ;р-н Октябрьский
129;Бодрый переулок;р-н Кировский
130;Боевой переулок;р-н Чкаловский
131; Боевых Дружин;р-н Верх-Исетский
132;Боковой переулок;р-н Октябрьский
133;Бокситовый проезд;р-н Октябрьский
134;Болгарский переулок;р-н Чкаловский
135; Большакова;р-н Ленинский
136;Большой Конный полуостров;р-н Верх-Исетский
137;Большой Шарташский каменный карьер;р-н Кировский
138;Бордюрная ;р-н Октябрьский
139; Бориса Ельцина;р-н Верх-Исетский
140;Боровая ;р-н Кировский
141; Бородина;р-н Чкаловский
142;Ботаническая ;р-н Кировский
143;Боткинская ;р-н Орджоникидзевский
144;Боцманская ;р-н Кировский
145;Братская ;р-н Чкаловский
146; Братьев Быковых;р-н Железнодорожный
147;переулок Бригадиров;р-н Октябрьский
148;переулок Бурильщиков;р-н Октябрьский
149; Буторина;р-н Октябрьский
150;Вагонный переулок;р-н Чкаловский
151; Вайнера;None
152; Вакина;р-н Чкаловский
153; Вали Котика;р-н Орджоникидзевский
154;Валовой переулок;р-н Чкаловский
155;Варшавская ;р-н Октябрьский
156;Варяжская ;р-н Октябрьский
157; Ватутина;р-н Железнодорожный
158; Венгерских Коммунаров;р-н Верх-Исетский
159;Вересковый переулок;р-н Ленинский
160;переулок Верещагина;р-н Ленинский
161;Верхисетский бульвар;р-н Октябрьский
162;Верх-Исетский бульвар;р-н Верх-Исетский
163;Верхний переулок;р-н Орджоникидзевский
164;Верхоянская ;р-н Октябрьский
165;Вершининская ;р-н Верх-Исетский
166;Весенняя ;р-н Чкаловский
167;Ветеринарная ;р-н Верх-Исетский
168;Вечерний переулок;р-н Октябрьский
169;переулок Взрывников;р-н Октябрьский
170;Видная ;р-н Верх-Исетский
171;Вижайская ;р-н Чкаловский
172; Викулова;р-н Верх-Исетский
173; Вилонова;р-н Кировский
174; Вильгельма де Геннина;р-н Академический
175;Виноградный переулок;р-н Кировский
176;Виражный переулок;р-н Октябрьский
177;Вишерский переулок;р-н Орджоникидзевский
178;Вишневая ;None
179;Владивостокская ;р-н Кировский
180; Владимира Высоцкого;р-н Кировский
181;Владимирская ;р-н Верх-Исетский
182;Вогульский переулок;р-н Кировский
183;Водительский проезд;р-н Чкаловский
184;Водная ;р-н Чкаловский
185;Водоемная ;р-н Чкаловский
186;Водонасосная ;р-н Верх-Исетский
187; Водопьянова;р-н Железнодорожный
188; Воеводина;р-н Ленинский
189;Военная ;р-н Чкаловский
190; Военного Флота;р-н Ленинский
191;переулок Воинов;р-н Чкаловский
192; Войкова;р-н Орджоникидзевский
193;Вокзальная ;р-н Железнодорожный
194;Волгоградская ;None
195;Волжская ;р-н Железнодорожный
196;Вологодская ;р-н Железнодорожный
197; Володарского;р-н Верх-Исетский
198; Волошина;р-н Ленинский
199;Волховская ;р-н Кировский
200;Волчанский переулок;р-н Октябрьский
201; Воровского;р-н Чкаловский
202;Воронежский переулок;р-н Ленинский
203; Воронина;р-н Железнодорожный
204;Воскресный переулок;р-н Верх-Исетский
205; Восстания;р-н Орджоникидзевский
206;Восточная ;None
207;Встречный переулок;р-н Верх-Исетский
208;Выездной переулок;р-н Железнодорожный
209;Высокий переулок;р-н Чкаловский
210;Высоковольтный переулок;р-н Орджоникидзевский
211;Высотная ;р-н Чкаловский
212; Высоцкого;р-н Кировский
213;Выходной переулок;р-н Октябрьский
214; Гагарина;р-н Кировский
215;Гаевский переулок;р-н Чкаловский
216;Газетная ;р-н Чкаловский
217;Газовый переулок;р-н Чкаловский
218;переулок Газорезчиков;р-н Чкаловский
219; Гайдара;р-н Железнодорожный
220; Галактики;р-н Верх-Исетский
221; Галилея;р-н Верх-Исетский
222;Гаражная ;р-н Ленинский
223;Гаринский переулок;р-н Верх-Исетский
224; Гаршина;р-н Чкаловский
225; Гастелло;р-н Чкаловский
226; Гвардейцев;р-н Верх-Исетский
227;Генеральская ;р-н Кировский
228;Геологическая ;р-н Чкаловский
229;переулок Геологов;р-н Орджоникидзевский
230;Георгиновый переулок;р-н Орджоникидзевский
231; Героев России;р-н Железнодорожный
232; Герцена;р-н Чкаловский
233;Глухая ;р-н Верх-Исетский
234; Гоголя;р-н Ленинский
235;Гончарный переулок;р-н Чкаловский
236;Гореловская ;р-н Ленинский
237; Горлинка;р-н Чкаловский
238;проезд Горнистов;р-н Октябрьский
239;Городская ;р-н Ленинский
240; Горького;None
241; Готвальда;None
242;Гражданская ;р-н Железнодорожный
243; Гражданской Войны;р-н Кировский
244;Гранитный проезд;р-н Октябрьский
245; Грибоедова;р-н Чкаловский
246; Григория Речкалова;р-н Верх-Исетский
247; Гризодубовой;р-н Ленинский
248; Громова;р-н Ленинский
249;Грузинский переулок;р-н Кировский
250; Грузчиков;р-н Железнодорожный
251;Грунтовая ;р-н Орджоникидзевский
252; Грязнова;р-н Верх-Исетский
253;Губахинская ;р-н Кировский
254;Гурзуфская ;р-н Верх-Исетский
255;Дагестанская ;р-н Чкаловский
256;Далекая ;р-н Чкаловский
257;Далматовская ;р-н Чкаловский
258;Дальневосточная ;р-н Чкаловский
259;Дальняя ;р-н Академический
260; Данилина;р-н Верх-Исетский
261;Даниловская ;р-н Орджоникидзевский
262; Данилы Зверева;р-н Кировский
263; Дарвина;р-н Чкаловский
264;Дарьинская ;р-н Верх-Исетский
265;Даурская ;р-н Орджоникидзевский
266;Дачная ;р-н Кировский
267;Двинская ;р-н Академический
268; Декабристов;None
269; Демьяна Бедного;р-н Чкаловский
270;бульвар Денисова-Уральского;р-н Ленинский
271;Депутатская ;р-н Ленинский
272;Дерновый переулок;р-н Октябрьский
273;переулок Джамбула;р-н Орджоникидзевский
274; Дзержинского;р-н Железнодорожный
275;Дивизионная ;р-н Ленинский
276;Дизельный переулок;р-н Чкаловский
277; Димитрова;р-н Чкаловский
278;Днепровский переулок;р-н Чкаловский
279; Добролюбова;р-н Ленинский
280;Добрянский переулок;р-н Октябрьский
281;Дозорный переулок;р-н Чкаловский
282; Долинка;р-н Октябрьский
283;Доломитовая ;р-н Верх-Исетский
284; Долорес Ибаррури;р-н Верх-Исетский
285;Донбасская ;р-н Орджоникидзевский
286;Донская ;р-н Орджоникидзевский
287;Дорожная ;р-н Чкаловский
288; Доронина;р-н Железнодорожный
289; Достоевского;р-н Орджоникидзевский
290;Дошкольная ;р-н Чкаловский
291;Дощатый переулок;р-н Чкаловский
292;переулок Дружбы;р-н Орджоникидзевский
293;Дружининская ;р-н Железнодорожный
294;переулок Дружинников;р-н Ленинский
295;Дублер Сибирского тракта;р-н Кировский
296;Дубровинский переулок;р-н Верх-Исетский
297;Дунайская ;р-н Чкаловский
298;Дунитовый переулок;р-н Чкаловский
299; Евгения Савкова;р-н Академический
300;Европейская ;р-н Ленинский
301; Егорова;р-н Верх-Исетский
302; Единого Фронта;р-н Верх-Исетский
303;Екатеринбургская кольцевая автомобильная дорога;None
304;Еланский переулок;р-н Чкаловский
305;Елизаветинское шоссе;р-н Чкаловский
306;Еловский переулок;р-н Орджоникидзевский
307;Енисейская ;р-н Железнодорожный
308;Ереванская ;р-н Железнодорожный
309; Еремина;р-н Железнодорожный
310; Ершова;р-н Орджоникидзевский
311;переулок Ершова;р-н Орджоникидзевский
312; Железнодорожников;р-н Кировский
313; Желябова;р-н Чкаловский
314;Живописная ;р-н Ленинский
315;площадь Жуковского;р-н Чкаловский
316; Забойщиков;р-н Чкаловский
317;Заветный переулок;р-н Верх-Исетский
318;Заводская ;р-н Верх-Исетский
319;Завокзальная ;р-н Железнодорожный
320;Загородный переулок;р-н Октябрьский
321;Задорный переулок;р-н Верх-Исетский
322;Заезжий переулок;р-н Кировский
323; Залесья;р-н Чкаловский
324;Замятина переулок;р-н Орджоникидзевский
325; Замятина;р-н Орджоникидзевский
326;Заозерный переулок;р-н Ленинский
327;Заповедная ;р-н Октябрьский
328;Запорожский переулок;р-н Чкаловский
329;Заречная ;р-н Орджоникидзевский
330;Званый переулок;р-н Чкаловский
331;Звездная ;р-н Чкаловский
332;Звездный переулок;р-н Октябрьский
333;Звонкий переулок;р-н Чкаловский
334;Здешний переулок;р-н Орджоникидзевский
335; Зеленая Роща;р-н Ленинский
336;Зеленый переулок;р-н Орджоникидзевский
337;переулок Землячки;р-н Орджоникидзевский
338; Зенитчиков;р-н Чкаловский
339;Зерновой переулок;р-н Октябрьский
340;Зимняя ;р-н Чкаловский
341;Златоустовский переулок;None
342; Змеиная Гора;р-н Чкаловский
343; Зои Космодемьянской;р-н Чкаловский
344;Золотистый бульвар;р-н Ленинский
345;Зоологическая ;р-н Верх-Исетский
346; Зыкова;р-н Чкаловский
347;Зырянский переулок;р-н Октябрьский
348; Иванова;р-н Железнодорожный
349; Избирателей;р-н Орджоникидзевский
350; Изобретателей;р-н Чкаловский
351;Изоплитная ;р-н Кировский
352;Изразцовый переулок;р-н Орджоникидзевский
353;Изумрудный переулок;р-н Орджоникидзевский
354;Илимская ;р-н Орджоникидзевский
355;Ильинский переулок;р-н Железнодорожный
356; Ильича;р-н Орджоникидзевский
357; Индустрии;р-н Орджоникидзевский
358; Инженера Алиева;р-н Чкаловский
359;Инженерная ;р-н Чкаловский
360;Ирбитская ;р-н Кировский
361;Иркутская ;р-н Ленинский
362;Иртышский переулок;р-н Кировский
363;Исетская ;р-н Чкаловский
364;Искристый переулок;р-н Верх-Исетский
365; Искровцев;р-н Кировский
366; Испанских Рабочих;р-н Железнодорожный
367;Исполкомовский переулок;р-н Кировский
368; Испытателей;р-н Октябрьский
369; Исследователей;р-н Ленинский
370;Исток станция;р-н Октябрьский
371;Историческая ;р-н Ленинский
372;Источная ;р-н Октябрьский
373;Ишимский переулок;р-н Железнодорожный
374;Июльская ;р-н Кировский
375;Казанская ;р-н Кировский
376;Казачий переулок;р-н Кировский
377; Калинина;р-н Орджоникидзевский
378;Калиновский переулок;р-н Орджоникидзевский
379;Калмыцкий переулок;р-н Чкаловский
380; Каляева;р-н Верх-Исетский
381; Каманина;р-н Железнодорожный
382;Каменный переулок;р-н Октябрьский
383; Каменотесов;р-н Октябрьский
384; Каменщиков;р-н Верх-Исетский
385;Камская ;р-н Железнодорожный
386;Камчатская ;р-н Кировский
387;Камышинский переулок;р-н Чкаловский
388;Канатный переулок;р-н Чкаловский
389;Караванная ;р-н Чкаловский
390;Карельская ;р-н Октябрьский
391;Каркасный переулок;р-н Октябрьский
392; Карла Либкнехта;None
393; Карла Маркса;None
394;Карьерная ;р-н Октябрьский
395;Каскадный проезд;р-н Октябрьский
396;Каслинский переулок;р-н Чкаловский
397;Катайский переулок;р-н Верх-Исетский
398;Качканарская ;р-н Верх-Исетский
399;Кашинский переулок;р-н Чкаловский
400;Каширская ;р-н Орджоникидзевский
401;Кварцевая ;р-н Чкаловский
402;Кедровая ;р-н Кировский
403;станция Керамик;р-н Чкаловский
404;Киевский переулок;р-н Верх-Исетский
405;Кизеловская ;р-н Верх-Исетский
406;Кимовская ;р-н Железнодорожный
407;Киргизский переулок;р-н Чкаловский
408; Кирова;р-н Верх-Исетский
409;площадь Кирова;р-н Кировский
410;Кировградская ;р-н Орджоникидзевский
411;Кирпичный переулок;р-н Чкаловский
412;Кислородная ;р-н Орджоникидзевский
413;Китайский переулок;р-н Чкаловский
414;Кичигинская ;р-н Ленинский
415;Кишиневская ;р-н Железнодорожный
416; Клары Цеткин;р-н Кировский
417;Клеверный переулок;р-н Академический
418;Кленовая ;р-н Кировский
419;Климовская ;р-н Октябрьский
420;Клубный переулок;р-н Железнодорожный
421;Ключевская ;р-н Верх-Исетский
422;Книжный проезд;р-н Орджоникидзевский
423;Книжный переулок;р-н Орджоникидзевский
424; Кобозева;р-н Орджоникидзевский
425;Ковровый переулок;р-н Ленинский
426;Ковыльная ;р-н Чкаловский
427;Койвинский переулок;р-н Октябрьский
428;Коллективный переулок;р-н Чкаловский
429; Колмогорова;None
430;Колодезный переулок;р-н Октябрьский
431;Колокольная ;р-н Академический
432;Коломенский переулок;р-н Кировский
433; Колхозников;р-н Чкаловский
434;Кольцевая ;р-н Ленинский
435; Кольцова;р-н Орджоникидзевский
436;станция Кольцово;р-н Октябрьский
437;Комбинатская ;р-н Ленинский
438;Комвузовская ;р-н Кировский
439;Комендантский тупик;р-н Железнодорожный
440; Коминтерна;р-н Кировский
441;Коммунальная ;р-н Железнодорожный
442;Коммунистическая ;р-н Орджоникидзевский
443;Комсомольская ;None
444; Кондратьева;р-н Верх-Исетский
445;Кондукторская ;р-н Кировский
446;Конотопская ;р-н Железнодорожный
447; Контролеров;р-н Верх-Исетский
448;Конюшенный проезд;р-н Октябрьский
449; Коперника;р-н Верх-Исетский
450;Корейский переулок;р-н Чкаловский
451; Корепина;р-н Орджоникидзевский
452;Коркинская ;р-н Чкаловский
453; Короленко;р-н Железнодорожный
454;Короткий переулок;р-н Чкаловский
455; Косарева;р-н Чкаловский
456;проспект Космонавтов;None
457;Кособродский переулок;р-н Ленинский
458;Косогорная ;р-н Академический
459;Косотурская ;р-н Верх-Исетский
460;Костромская ;р-н Кировский
461;Косьвинский переулок;р-н Чкаловский
462; Котельникова;р-н Верх-Исетский
463; Котовского;р-н Верх-Исетский
464;Коуровская ;р-н Железнодорожный
465;Краевой переулок;р-н Чкаловский
466;Крайний переулок;р-н Октябрьский
467;Крановщиков переулок;р-н Октябрьский
468; Крановщиков;р-н Октябрьский
469;Крапивный переулок;р-н Орджоникидзевский
470; Красина;р-н Кировский
471; Красная Горка;р-н Чкаловский
472;Красноармейская ;р-н Октябрьский
473;Краснодарская ;р-н Кировский
474;Краснознаменная ;р-н Орджоникидзевский
475;Краснокамская ;р-н Верх-Исетский
476; Краснолесья;р-н Академический
477;Краснополянский переулок;р-н Орджоникидзевский
478;Краснопрудная ;р-н Чкаловский
479;Красноуральская ;р-н Верх-Исетский
480;Красноуфимская ;р-н Верх-Исетский
481; Краснофлотцев;р-н Орджоникидзевский
482;Красный переулок;р-н Железнодорожный
483; Красных Борцов;р-н Орджоникидзевский
484; Красных Зорь;р-н Верх-Исетский
485; Красных Командиров;р-н Орджоникидзевский
486; Красных Партизан;р-н Орджоникидзевский
487; Крауля;р-н Верх-Исетский
488; Кренкеля;р-н Верх-Исетский
489; Крестинского;р-н Чкаловский
490;Крестьянская ;р-н Чкаловский
491;Кронштадтская ;р-н Кировский
492;Круговая ;р-н Чкаловский
493;Кружевная ;р-н Октябрьский
494; Крупносортщиков;р-н Железнодорожный
495; Крупской;р-н Железнодорожный
496;Крутая ;р-н Кировский
497;Крутихинский переулок;р-н Железнодорожный
498;Крылатский переулок;р-н Октябрьский
499; Крылова;р-н Верх-Исетский
500;Крымский переулок;р-н Кировский
501; Кузнецова;р-н Орджоникидзевский
502;Кузнечная ;р-н Кировский
503;Кузнечный переулок;р-н Железнодорожный
504; Куйбышева;None
505; Кулибина;р-н Кировский
506;бульвар Культуры;р-н Орджоникидзевский
507;Кунарская ;р-н Железнодорожный
508;Курганская ;р-н Октябрьский
509;Курьинский переулок;р-н Кировский
510;Кустовой переулок;р-н Октябрьский
511; Кутузова;р-н Чкаловский
512;Кыштымский переулок;р-н Ленинский
513;Лагерная ;р-н Октябрьский
514; Лагоды;р-н Верх-Исетский
515;Лазурный переулок;р-н Орджоникидзевский
516; Лапчатка;р-н Верх-Исетский
517;Латвийская ;р-н Октябрьский
518;Латышская ;р-н Чкаловский
519;Лебяжий переулок;р-н Орджоникидзевский
520; Леваневского;р-н Железнодорожный
521;переулок Левитана;р-н Ленинский
522;Лезгинская ;р-н Чкаловский
523;проспект Ленина;None
524;Ленинградская ;р-н Верх-Исетский
525;Леонидовский переулок;р-н Ленинский
526; Лермонтова;р-н Железнодорожный
527;Лесная ;р-н Железнодорожный
528; Лесоводов;р-н Кировский
529;Летняя ;р-н Октябрьский
530; Летчиков;р-н Железнодорожный
531;Лечебный переулок;р-н Ленинский
532;Лимонитовый переулок;р-н Чкаловский
533;Линейная ;р-н Верх-Исетский
534;Листопадная ;р-н Чкаловский
535; Литейщиков;р-н Верх-Исетский
536;переулок Лобачевского;р-н Кировский
537;Лобвинская ;р-н Железнодорожный
538; Лобкова;р-н Орджоникидзевский
539; Лодыгина;р-н Кировский
540;Лозовой переулок;р-н Чкаловский
541; Ломоносова;р-н Орджоникидзевский
542; Лоцмановых;р-н Верх-Исетский
543;Луганская ;р-н Октябрьский
544; Лукиных;р-н Орджоникидзевский
545; Луначарского;None
546;Лучевая ;р-н Октябрьский
547;Лучистая ;р-н Чкаловский
548; Лыжников;р-н Чкаловский
549; Любви;р-н Ленинский
550;Лялинская ;р-н Верх-Исетский
551; Ляпустина;р-н Чкаловский
552;Майкопская ;р-н Железнодорожный
553; Максима Горького;р-н Чкаловский
554;Малахитовый переулок;р-н Чкаловский
555;Малопрудная ;р-н Академический
556;Малый переулок;р-н Орджоникидзевский
557;Малый Конный полуостров;р-н Верх-Исетский
558; Малышева;None
559; Мамина-Сибиряка;None
560;Маневровая ;р-н Железнодорожный
561;Манчажская ;р-н Верх-Исетский
562; Марата;р-н Верх-Исетский
563; Марии Авейде;р-н Железнодорожный
564;Мартовская ;р-н Чкаловский
565; Маршала Жукова;р-н Верх-Исетский
566;Матросская ;р-н Железнодорожный
567; Машинистов;р-н Железнодорожный
568;Машинная ;None
569; Машиностроителей;р-н Орджоникидзевский
570; Маяковского;None
571;переулок Медиков;р-н Ленинский
572;Медицинский переулок;р-н Орджоникидзевский
573;Межгорная ;р-н Железнодорожный
574;Межевая ;р-н Чкаловский
575;Мелководный переулок;р-н Ленинский
576;Мельковская ;р-н Железнодорожный
577;Мельковский переулок;р-н Железнодорожный
578; Мельникова;р-н Верх-Исетский
579; Менделеева;р-н Кировский
580; Менжинского;р-н Кировский
581;Местный переулок;р-н Октябрьский
582; Металлургов;р-н Верх-Исетский
583;Механический переулок;р-н Орджоникидзевский
584;Миасская ;р-н Чкаловский
585;Милицейская ;р-н Кировский
586; Минометчиков;р-н Железнодорожный
587; Мира;р-н Кировский
588; Миславского;р-н Академический
589;Михайловская ;р-н Ленинский
590; Михеева;р-н Академический
591; Мичурина;None
592; Многостаночников;р-н Чкаловский
593; Можайского;р-н Чкаловский
594;Можжевеловая ;р-н Верх-Исетский
595; Молодежи;р-н Орджоникидзевский
596; Молодогвардейцев;р-н Чкаловский
597;переулок Молотобойцев;р-н Чкаловский
598; Молотобойцев;р-н Чкаловский
599;Монетный переулок;р-н Железнодорожный
600; Монтажников;р-н Железнодорожный
601;Монтерская ;р-н Чкаловский
602; МОПРа;р-н Октябрьский
603;Мордвинский переулок;р-н Октябрьский
604; Москвина;р-н Чкаловский
605;Московская ;None
607;Московский тракт;р-н Верх-Исетский
608;Московский тракт 8 километр ;р-н Верх-Исетский
609;Московский тракт 9 Километр;р-н Верх-Исетский
610;Мостовая ;р-н Ленинский
611;Моховой переулок;р-н Орджоникидзевский
612;Мраморская ;р-н Чкаловский
613;Мугайский переулок;р-н Чкаловский
614;Муратовский переулок;р-н Чкаловский
615; Мурзинская;р-н Кировский
616;Мурзинская ;р-н Кировский
617;Мурманская ;р-н Кировский
618; Мусоргского;р-н Чкаловский
619;Нагорная ;р-н Верх-Исетский
620;Надеждинская ;р-н Железнодорожный
621;Нарезной переулок;р-н Кировский
622; Народного Фронта;р-н Орджоникидзевский
623; Народной Воли;None
624;Насосный переулок;р-н Октябрьский
625; Начдива Васильева;р-н Верх-Исетский
626; Начдива Онуфриева;р-н Ленинский
627;Невьянский переулок;р-н Железнодорожный
628;Нейвинский переулок;р-н Кировский
629; Некрасова;р-н Железнодорожный
630;Нескучная ;р-н Ленинский
631;Низовой переулок;р-н Октябрьский
632; Никитина;р-н Орджоникидзевский
633;Никитский проезд;р-н Верх-Исетский
634; Николая Кичигина;р-н Верх-Исетский
635; Николая Никонова;р-н Железнодорожный
636;Никольский переулок;None
637; Новаторов;р-н Орджоникидзевский
638;Новая ;р-н Октябрьский
639; Новгородцевой;р-н Кировский
640;Новинская ;р-н Чкаловский
641;Новокольцовская ;р-н Октябрьский
642;Новокомбинатская ;р-н Ленинский
643;Новоозерная ;р-н Ленинский
644;Новопашинский переулок;р-н Чкаловский
645; Новоселов;р-н Октябрьский
646;Новосибирская ;р-н Чкаловский
647;Новоспасская ;р-н Чкаловский
648; Новостроя;р-н Чкаловский
649;Норильская ;р-н Кировский
650;Облепиховый переулок;р-н Ленинский
651;площадь Обороны;р-н Октябрьский
652;Оборошинская ;р-н Железнодорожный
653;переулок Обувщиков;р-н Ленинский
654; Обувщиков;р-н Ленинский
655;Обходной переулок;р-н Чкаловский
656;Объездная дорога;None
657; Огарева;р-н Верх-Исетский
658;Огородный переулок;р-н Железнодорожный
659; Одинарка;р-н Железнодорожный
660;Окраинная ;р-н Чкаловский
661;Окружная ;р-н Чкаловский
662;Октябрьская площадь;р-н Верх-Исетский
663; Октябрьской Революции;р-н Верх-Исетский
664; Олега Кошевого;р-н Чкаловский
665;Олимпийская набережная;р-н Железнодорожный
666;Ольгинская ;р-н Чкаловский
667;Ольховская ;р-н Чкаловский
668;Омская ;р-н Кировский
669;Онежская ;р-н Октябрьский
670;Опалихинская ;р-н Верх-Исетский
671;Опытная ;р-н Октябрьский
672; Орденоносцев;р-н Чкаловский
673;проспект Орджоникидзе;р-н Орджоникидзевский
674;Орловская ;р-н Орджоникидзевский
675;переулок Осипенко;р-н Кировский
676;Основинская ;None
677;переулок Осоавиахима;р-н Орджоникидзевский
678; Островского;None
679;Отдельный переулок;р-н Кировский
680; Отдыха;р-н Кировский
681;переулок Отпускников;р-н Чкаловский
682;Отрадная ;р-н Верх-Исетский
683; Отто Шмидта;р-н Ленинский
684; Охотников;р-н Академический
685; Очеретина;р-н Академический
686; Павла Шаманова;р-н Академический
687;Павловская ;р-н Орджоникидзевский
688;Павлодарская ;р-н Чкаловский
689;Палисадная ;р-н Чкаловский
690;Палкинский переулок;р-н Железнодорожный
691; Пальмиро Тольятти;р-н Верх-Исетский
692;Памирская ;р-н Кировский
693;Панельная ;р-н Кировский
694; Панфиловцев;р-н Чкаловский
695; Папанина;р-н Верх-Исетский
696;Парковая ;р-н Чкаловский
697;Парковый переулок;р-н Кировский
698;Парниковая ;р-н Орджоникидзевский
699; Пархоменко;р-н Чкаловский
700; Патриотов;р-н Чкаловский
701; Патриса Лумумбы;р-н Чкаловский
702;Педагогическая ;р-н Кировский
703;Пензенская ;р-н Железнодорожный
704;Первомайская ;р-н Кировский
705;Перекатная ;р-н Ленинский
706;Переходный переулок;р-н Октябрьский
707;Перспективная ;р-н Чкаловский
708;поселок Пески;р-н Кировский
709;Пестеревский переулок;р-н Верх-Исетский
710;Петропавловская ;р-н Октябрьский
711; Пехотинцев;р-н Железнодорожный
712; Печатников;р-н Ленинский
713;Печерская ;р-н Железнодорожный
715;Пешеходный переулок;р-н Кировский
716;Пикетная ;р-н Академический
717;Пилотная ;р-н Железнодорожный
718;переулок Пильщиков;р-н Октябрьский
719; Пионеров;р-н Кировский
720; Пирогова;р-н Верх-Исетский
721;переулок Писарева;р-н Чкаловский
722; Плавильщиков;р-н Верх-Исетский
723; Планеристов;р-н Железнодорожный
724;Планетная ;р-н Орджоникидзевский
725; Плеханова;р-н Верх-Исетский
726; Плодородия;р-н Чкаловский
727; Плотников;р-н Верх-Исетский
728; Победы;р-н Орджоникидзевский
729;Поворотный переулок;р-н Октябрьский
730; Пограничников;р-н Кировский
731;Подгорная ;р-н Железнодорожный
732;Подрядный переулок;р-н Чкаловский
733;Подснежный переулок;р-н Верх-Исетский
734;Пожарных ;р-н Октябрьский
735;Полдневая ;р-н Чкаловский
736;Полевая ;р-н Орджоникидзевский
737; Полежаевой;р-н Верх-Исетский
738; Ползунова;р-н Орджоникидзевский
739;Полимерный переулок;р-н Железнодорожный
740;Полковая ;р-н Ленинский
741;Половодный переулок;р-н Чкаловский
742;Полтавская ;р-н Верх-Исетский
743;Полюсная ;р-н Железнодорожный
744; Полянка;р-н Ленинский
745;переулок Полярников;р-н Ленинский
746; Попова;None
747;Посадская ;р-н Верх-Исетский
748;Поселковый переулок;р-н Октябрьский
749;Поточный переулок;р-н Верх-Исетский
750;Походная ;р-н Чкаловский
751;Почтовый переулок;р-н Кировский
752;Предельная ;р-н Ленинский
753;Прибалтийская ;р-н Октябрьский
754;Прибрежный переулок;р-н Чкаловский
755;Придорожная ;р-н Чкаловский
756;Приисковая ;р-н Кировский
757;Проезжая ;р-н Кировский
758;Производственный переулок;р-н Железнодорожный
759;Пролетарская ;р-н Кировский
760;Промысловая ;р-н Чкаловский
761;Промышленный проезд;р-н Орджоникидзевский
762; Прониной;р-н Чкаловский
763;Просторная ;р-н Чкаловский
764;Проточный переулок;р-н Ленинский
765;Профсоюзная ;р-н Чкаловский
766;Проходной переулок;р-н Железнодорожный
767;Прохожая ;р-н Академический
768;Прямой переулок;р-н Чкаловский
769;Пугачевский переулок;р-н Железнодорожный
770; Пушкина;None
771;Пшеничный переулок;р-н Академический
772; Рабкоров;р-н Орджоникидзевский
773;набережная Рабочей Молодежи;р-н Верх-Исетский
774; Рабочих;р-н Верх-Исетский
775; Радищева;None
776;Радужная ;р-н Октябрьский
777; Раевского;р-н Кировский
778;Разливная ;р-н Ленинский
779;Разъездный переулок;р-н Октябрьский
780;Ракетная ;р-н Октябрьский
781; Расковой;р-н Ленинский
782;Рассветная ;р-н Кировский
783;Расточная ;р-н Железнодорожный
784;Реактивная ;р-н Октябрьский
785; Революции;р-н Чкаловский
786;Региональная ;р-н Чкаловский
787;Режевской переулок;р-н Октябрьский
788;Режимный переулок;р-н Чкаловский
789;Резервная ;р-н Академический
790;Рейсовая ;р-н Октябрьский
791;Ремесленный переулок;р-н Чкаловский
792; Репина;р-н Верх-Исетский
793;Республиканская ;р-н Орджоникидзевский
794;Речной переулок;р-н Октябрьский
795;проезд Решетникова;р-н Ленинский
796;Решетская ;р-н Железнодорожный
797;Ржевская ;р-н Орджоникидзевский
798;Рижский переулок;р-н Чкаловский
799;переулок Ристланда;р-н Орджоникидзевский
800;Родниковый переулок;р-н Октябрьский
801;Родонитовая ;р-н Чкаловский
802; Розы Люксембург;None
803;Ромашковая ;р-н Верх-Исетский
804;Ротная ;р-н Ленинский
805;Рощинская ;р-н Чкаловский
806;Рубежная ;р-н Академический
807;Рубиновая ;р-н Чкаловский
808;Рублевская ;р-н Верх-Исетский
809;Рудногорский переулок;р-н Чкаловский
810;Рудянский переулок;р-н Чкаловский
811; Рутминского;р-н Ленинский
812;Ручейная ;р-н Верх-Исетский
813;Ручейный переулок;р-н Кировский
814; Рыбаков;р-н Кировский
815;Рыбинский переулок;р-н Железнодорожный
816;Рыбная ;р-н Кировский
817; Рябинина;р-н Академический
818;Рябиновая ;р-н Орджоникидзевский
819;Рязанский переулок;р-н Чкаловский
820; Саввы Белых;р-н Октябрьский
821;Садовая ;р-н Кировский
822;переулок Садоводов;р-н Ленинский
823;Сажинская ;р-н Октябрьский
824; Сазонова;р-н Железнодорожный
825; Сакко и Ванцетти;None
826;Салдинская ;р-н Чкаловский
827;Самаркандская ;р-н Чкаловский
828;Самолетная ;р-н Чкаловский
829;Самоцветный бульвар;р-н Чкаловский
830;Санаторная ;р-н Чкаловский
831;переулок Саперов;р-н Ленинский
832;Сапфировая ;р-н Кировский
833;Саранинский переулок;р-н Чкаловский
834;Сахалинская ;р-н Кировский
835; Сварщиков;р-н Верх-Исетский
836; Свердлова;р-н Железнодорожный
837;Светлореченская ;р-н Академический
838;микрорайон Светлый;р-н Чкаловский
839;Светлый переулок;р-н Кировский
840;Связной переулок;р-н Орджоникидзевский
841;Севастопольская ;р-н Кировский
842;Северный переулок;р-н Верх-Исетский
843; Северных Радистов;р-н Железнодорожный
844;Северский переулок;р-н Чкаловский
845;проспект Седова;р-н Железнодорожный
846;Селькоровская ;р-н Чкаловский
847; Серафимы Дерябиной;None
848;бульвар Сергея Есенина;р-н Октябрьский
849;Сергинский переулок;р-н Чкаловский
850; Серова;р-н Ленинский
851;Серпуховский переулок;р-н Орджоникидзевский
852;Сибирский тракт;р-н Кировский
853;Сибирский тракт 15 км;р-н Октябрьский
854;Сибирский тракт 7 километр ;р-н Кировский
855;Сибирский тракт 8 километр ;р-н Октябрьский
856;Силикатный переулок;р-н Чкаловский
857;Симбирский переулок;р-н Орджоникидзевский
858;Симская ;р-н Чкаловский
859;Симферопольская ;р-н Чкаловский
860;Синарская ;р-н Кировский
861; Синяева;р-н Верх-Исетский
862;Сиреневый бульвар;р-н Кировский
863;Сказочный переулок;р-н Верх-Исетский
864;Скальная ;р-н Чкаловский
865;Складской проезд;р-н Ленинский
866;Скоростной переулок;р-н Верх-Исетский
867;Славянская ;р-н Чкаловский
868;Слободской переулок;р-н Октябрьский
869; Смазчиков;р-н Кировский
870;Смоленская ;р-н Чкаловский
871;переулок Снайперов;р-н Ленинский
872;переулок Снегирей;р-н Чкаловский
873; Соболева;р-н Академический
874;Соболиный переулок;р-н Железнодорожный
875;Советская ;р-н Кировский
876; Советских Женщин;р-н Ленинский
877;площадь Советской Армии;р-н Кировский
878; Современников;р-н Чкаловский
879;Совхозная ;р-н Орджоникидзевский
880; Содружества;р-н Кировский
881;Соединительная ;р-н Верх-Исетский
882;Соликамская ;р-н Железнодорожный
883;Солнечная ;р-н Кировский
884;Сказочный переулок;р-н Верх-Исетский
885; Сони Морозовой;р-н Октябрьский
886;Сортировочная ;р-н Железнодорожный
887;Соседский переулок;р-н Кировский
888;Сосновый переулок;р-н Орджоникидзевский
889;Сосьвинская ;р-н Железнодорожный
890; Софьи Ковалевской;р-н Кировский
891; Софьи Перовской;р-н Железнодорожный
892;Социалистическая ;р-н Орджоникидзевский
893;Союзная ;р-н Чкаловский
894;Спокойный переулок;р-н Ленинский
895; Спутников;р-н Октябрьский
896;Среднеуральская ;р-н Железнодорожный
897;переулок Стальского;р-н Чкаловский
898;Становой переулок;р-н Чкаловский
899;переулок Старателей;р-н Верх-Исетский
900;Стартовая ;р-н Октябрьский
901; Старый Поселок;р-н Октябрьский
902; Старых Большевиков;р-н Орджоникидзевский
903; Стаханова;р-н Чкаловский
904;Стахановская ;р-н Орджоникидзевский
905; Стачек;р-н Орджоникидзевский
906; Степана Разина;None
907;Степная ;р-н Чкаловский
908;Столярный переулок;р-н Октябрьский
909; Стрелочников;р-н Железнодорожный
910;Строевой переулок;р-н Железнодорожный
911; Строителей;р-н Железнодорожный
912;переулок Стропальщиков;р-н Чкаловский
913;Студенческая ;р-н Кировский
914;площадь Субботников;р-н Верх-Исетский
915;Суворовский переулок;р-н Орджоникидзевский
916; Сулимова;р-н Кировский
917; Сурикова;None
918;Сухановский переулок;р-н Чкаловский
919;Суходольская ;р-н Академический
920;Сухой переулок;р-н Октябрьский
921;Сухоложская ;р-н Чкаловский
922; Сухорукова;р-н Верх-Исетский
923;Сухумский переулок;р-н Чкаловский
924;Счастливая ;р-н Чкаловский
925;Сызранский переулок;р-н Чкаловский
926;Сылвинская ;р-н Железнодорожный
927; Сыромолотова;р-н Кировский
928;Сысертский переулок;р-н Ленинский
929;Таборинская ;р-н Кировский
930;Таватуйская ;р-н Железнодорожный
931;Таганская ;р-н Орджоникидзевский
932;Тагильская ;р-н Железнодорожный
933;Таежная ;р-н Железнодорожный
934;Таллинский переулок;р-н Чкаловский
935;Талый переулок;р-н Верх-Исетский
936; Танкистов;р-н Верх-Исетский
937;Татарский переулок;р-н Ленинский
938; Татищева;р-н Верх-Исетский
939;Ташкентская ;р-н Орджоникидзевский
940;Тбилисский бульвар;р-н Чкаловский
941; Тверитина;None
942;Тверской переулок;р-н Орджоникидзевский
943;Театральный переулок;р-н Ленинский
944;Телефонный переулок;р-н Кировский
945; Тельмана;р-н Ленинский
946;Тенистая ;р-н Академический
947;Тепличная ;р-н Орджоникидзевский
948;Теплогорский переулок;р-н Орджоникидзевский
949;Теплоходный проезд;р-н Железнодорожный
950;Техническая ;р-н Железнодорожный
951;Технологическая ;р-н Кировский
952; Тимирязева;р-н Кировский
953; Титова;р-н Чкаловский
954;Тихвинский переулок;р-н Железнодорожный
955;Тихий переулок;р-н Октябрьский
956; Ткачей;р-н Октябрьский
957;Тобольская ;р-н Кировский
958;Товарная ;р-н Железнодорожный
959; Токарей;р-н Верх-Исетский
960; Толедова;р-н Верх-Исетский
961; Толмачева;None
962;Торговая ;р-н Чкаловский
963; Торфорезов;р-н Верх-Исетский
964;Торфяной переулок;р-н Ленинский
965;Трактовая ;р-н Октябрьский
966;переулок Трактористов;р-н Чкаловский
968;Трамвайный переулок;None
969;Транзитный переулок;р-н Ленинский
970;переулок Транспортников;р-н Железнодорожный
971; Трубачева;р-н Октябрьский
972; Труда;р-н Верх-Исетский
973;Трудовая ;р-н Кировский
974; Тружеников;р-н Чкаловский
975;Тугулымский переулок;р-н Железнодорожный
976;Туманный переулок;р-н Октябрьский
977;Турбинная ;р-н Орджоникидзевский
978; Тургенева;р-н Кировский
979; Туристов;р-н Чкаловский
980;Тюльпановая ;р-н Орджоникидзевский
981;Тюменская ;р-н Железнодорожный
982;Тяговая ;р-н Железнодорожный
983;Угловой переулок;р-н Чкаловский
984; Угольщиков;р-н Железнодорожный
985;переулок Ударников;р-н Верх-Исетский
986;Узкий переулок;р-н Чкаловский
987;Узорная ;р-н Ленинский
988;Укромный переулок;р-н Кировский
989;Уктусская ;р-н Ленинский
990;Ульяновская ;р-н Орджоникидзевский
991; Умельцев;р-н Чкаловский
992;Университетский переулок;р-н Ленинский
993;Уральская ;р-н Кировский
994; Уральских Коммунаров;р-н Железнодорожный
995; Уральских Рабочих;р-н Орджоникидзевский
996; Урицкого;р-н Верх-Исетский
997;Урожайная ;р-н Академический
998;Усадебная ;р-н Верх-Исетский
999;Усольская ;р-н Железнодорожный
1000; Успенского;р-н Чкаловский
1001;Уткинская ;р-н Железнодорожный
1002;Утренний переулок;р-н Октябрьский
1003;Уфалейская ;р-н Чкаловский
1004;Уфимская ;р-н Октябрьский
1005;Ухтомская ;р-н Верх-Исетский
1006;Учебная ;р-н Академический
1007;Ученический переулок;р-н Кировский
1008; Учителей;None
1009;Фабричная ;р-н Кировский
1010; Февральской Революции;р-н Верх-Исетский
1011;переулок Федорова;р-н Ленинский
1012;Ферганская ;р-н Чкаловский
1013;Фестивальная ;р-н Орджоникидзевский
1014;Фигурная ;р-н Ленинский
1015; Физкультурников;р-н Железнодорожный
1016;Флотская ;р-н Кировский
1017; Фонвизина;р-н Кировский
1018; Фрезеровщиков;р-н Орджоникидзевский
1019; Фролова;р-н Верх-Исетский
1020; Фронтовых Бригад;р-н Орджоникидзевский
1021; Фрунзе;р-н Ленинский
1022; Фурманова;р-н Ленинский
1023; Халтурина;р-н Верх-Исетский
1024;Харьковская ;р-н Орджоникидзевский
1025;Хасановская ;р-н Ленинский
1026;Хвойная ;р-н Октябрьский
1027;Хибиногорский переулок;р-н Чкаловский
1028;переулок Химиков;р-н Верх-Исетский
1029;Химмашевская ;р-н Чкаловский
1030;Хлебная ;р-н Октябрьский
1031; Хмелева;р-н Орджоникидзевский
1032; Хользунова;р-н Ленинский
1033; Хомякова;р-н Верх-Исетский
1034; Хохрякова;р-н Ленинский
1035;Хребтовый переулок;р-н Чкаловский
1036;Хромцовская ;р-н Октябрьский
1037;Хрустальная ;р-н Октябрьский
1038;Хрустальногорская ;р-н Академический
1039;Хуторская ;р-н Октябрьский
1040;Царская ;р-н Кировский
1041; Цветаевой;р-н Ленинский
1042;переулок Цветоводов;р-н Ленинский
1043;Цветочный переулок;р-н Орджоникидзевский
1044; Цвиллинга;None
1045;Центральная ;р-н Октябрьский
1046;переулок Центральный Рынок;р-н Ленинский
1047; Циолковского;None
1048;Цыганская ;р-н Ленинский
1049;переулок Чаадаева;р-н Кировский
1050; Чайковского;None
1051; Чапаева;р-н Ленинский
1052; Чебышева;р-н Кировский
1053; Чекистов;р-н Кировский
1054; Челюскинцев;None
1055; Чемпионов;р-н Ленинский
1056;Червонная ;р-н Железнодорожный
1057;Чердынская ;р-н Верх-Исетский
1058;Черемуховая ;р-н Кировский
1059; Черепанова;None
1060;Черкасская ;р-н Верх-Исетский
1061;Черниговский переулок;р-н Орджоникидзевский
1062;Черноморский переулок;р-н Орджоникидзевский
1063;Черноусовский переулок;р-н Чкаловский
1064;Черноярская ;р-н Орджоникидзевский
1065; Чернышевского;р-н Ленинский
1066; Черняховского;р-н Чкаловский
1067; Чехова;р-н Железнодорожный
1068;Чистая ;р-н Октябрьский
1069;Чистопольская ;р-н Октябрьский
1070;Читинская ;р-н Железнодорожный
1071; Чкалова;р-н Академический
1072;Чукотская ;р-н Кировский
1073;переулок Чупина;р-н Чкаловский
1074;Чусовской тракт;р-н Верх-Исетский
1075; Чуцкаева;р-н Орджоникидзевский
1076;Шаблонный переулок;р-н Кировский
1077;Шадринский переулок;р-н Кировский
1078;Шайтанский переулок;р-н Верх-Исетский
1079;Шалинский переулок;р-н Кировский
1080;переулок Шаронова;р-н Чкаловский
1081;Шарташская ;р-н Кировский
1082;Шатровая ;р-н Чкаловский
1083;Шатурская ;р-н Октябрьский
1084; Шаумяна;None
1085; Шевелева;р-н Верх-Исетский
1086; Шевченко;None
1087; Шейнкмана;None
1088; Шекспира;р-н Верх-Исетский
1089;Шефская ;р-н Орджоникидзевский
1090;Шиловский переулок;р-н Верх-Исетский
1091;Широкий переулок;р-н Чкаловский
1092;Шишимская ;р-н Чкаловский
1093;Школьная ;р-н Железнодорожный
1094;переулок Школьников;р-н Верх-Исетский
1095; Школьников;р-н Верх-Исетский
1096; Шолохова;р-н Октябрьский
1097;Шорный переулок;р-н Октябрьский
1098; Шоферов;р-н Кировский
1099;переулок Шоферов;р-н Кировский
1100;Шувакишская ;р-н Железнодорожный
1101;Шумихинский переулок;р-н Кировский
1102;Щелкунская ;р-н Чкаловский
1103; Щербакова;р-н Чкаловский
1104; Щорса;None
1105;Эдельвейсовая ;р-н Верх-Исетский
1106;бульвар ЭКСПО-бульвар;р-н Октябрьский
1107; Электриков;р-н Орджоникидзевский
1108; Электродепо;р-н Железнодорожный
1110; Энгельса;None
1111;переулок Энергетиков;р-н Чкаловский
1112; Энергостроителей;р-н Верх-Исетский
1113; Энтузиастов;р-н Орджоникидзевский
1114;Эпроновская ;р-н Верх-Исетский
1115;Эскадронная ;р-н Чкаловский
1116;Эстонская ;р-н Октябрьский
1117;Южная ;р-н Чкаловский
1118;Южногорская ;р-н Чкаловский
1119;Южный проезд;р-н Чкаловский
1120;Юзовский переулок;р-н Ленинский
1121; Юлиуса Фучика;р-н Чкаловский
1122; Юмашева;р-н Верх-Исетский
1123; Юрия Исламова;р-н Верх-Исетский
1124;Яблоневая ;р-н Чкаловский
1125;Ягодная ;р-н Академический
1126;Якорный переулок;р-н Железнодорожный
1127;Якутская ;р-н Чкаловский
1128;Ялтинский переулок;р-н Ленинский
1129;Ялунинская ;р-н Октябрьский
1130;Ямская ;р-н Ленинский
1131;Яровой переулок;р-н Кировский
1132;Ярославская ;р-н Орджоникидзевский
1133; Яскина;р-н Октябрьский
1134;Ясная ;None
1135;Яхонтовая ;р-н Кировский
1136;Черемшанская ;р-н Академический
1137; Черничная;р-н Академический
1138; Чкалова;р-н Академический
1139; Смородиновая;р-н Академический
1140;бульвар Святого Евгения Боткина;р-н Академический
1141; Профессора Матвеева;р-н Академический
1142; Пихтовая;р-н Академический
1143; Мятная;р-н Академический
1144; Медногорская;р-н Академический
1145; Лиственная;р-н Академический
1146;переулок Липовый;р-н Академический
1147; Ландышевая;р-н Академический
1148; Ландау;р-н Академический
1148; Клюквенная;р-н Академический
1149;Земляничный переулок;р-н Академический
1150; Загорская;р-н Академический
1151;Грибний переулок;р-н Академический
1152; Голубичная;р-н Академический
1153; Глухая;р-н Академический
1154; Васильковая;р-н Академический
1155; Брусничкая;р-н Академический
1156; Академика Парина;р-н Академический
